{"count":1,"self":189.72483839999998,"total":701.63676809999993,"children":{"InitializeActuators":{"count":1,"self":0.0009991,"total":0.0009991,"children":null},"InitializeSensors":{"count":1,"self":0.0035066,"total":0.0035066,"children":null},"AgentSendState":{"count":453934,"self":3.8247655999999997,"total":48.0252371,"children":{"CollectObservations":{"count":90787,"self":2.9074608,"total":2.9074606999999997,"children":null},"WriteActionMask":{"count":90787,"self":0.061905499999999995,"total":0.061905499999999995,"children":null},"RequestDecision":{"count":90787,"self":0.38681519999999997,"total":41.231105299999996,"children":{"AgentInfo.ToProto":{"count":90787,"self":0.5616931,"total":40.844290099999995,"children":{"GenerateSensorData":{"count":90787,"self":40.0151168,"total":40.282596999999996,"children":{"RayPerceptionSensor.Perceive":{"count":90787,"self":0.2674797,"total":0.2674797,"children":null}}}}}}}}},"DecideAction":{"count":453934,"self":462.1066752,"total":462.1066942,"children":null},"AgentAct":{"count":453934,"self":0.9307958,"total":0.9307958,"children":null},"AgentInfo.ToProto":{"count":1864,"self":0.010790899999999999,"total":0.84307769999999993,"children":{"GenerateSensorData":{"count":1864,"self":0.8276093,"total":0.8322868,"children":{"RayPerceptionSensor.Perceive":{"count":1864,"self":0.0046774999999999994,"total":0.0046774999999999994,"children":null}}}}}},"gauges":{"Jump Over Obstacle.CumulativeReward":{"count":1864,"max":19,"min":-1,"runningAverage":8.989265,"value":19,"weightedAverage":9.68826}},"metadata":{"timer_format_version":"0.1.0","start_time_seconds":"1700719651","unity_version":"2021.3.6f1","command_line_arguments":"C:\\Program Files\\Unity\\Hub\\Editor\\2021.3.6f1\\Editor\\Unity.exe -projectpath C:\\Users\\abbas\\OneDrive\\Documents\\GitHub\\DinoGame\\DinoGame -useHub -hubIPC -cloudEnvironment production","communication_protocol_version":"1.5.0","com.unity.ml-agents_version":"2.3.0-exp.3","scene_name":"DinoGame ML Agents","end_time_seconds":"1700720352"}}